{
    "NTB": 0.03002793900668621,
    "Whalley-Wilmott": 0.08571995049715042,
    "Black-Scholes": 0.09010552614927292,
    "No Hedge": 0.058334045112133026,
    "Standard Deep Hedging": 0.03042973205447197
}